"1027858"|"2014-02-26"|"Trenta esuberi all'Alphacan nonostante i nuovi progetti "|"Non sono buone notizie quelle che arrivano dall'«Alphacan» di Arco. Lunedì, in Confindustria a Trento, i vertici aziendali della multinazionale francese con in testa l'ad Lucciotti, hanno illustrato ai rappresentanti sindacali le prospettive future dello stabilimento arcense. Al di là dei ragionamenti sui futuri assetti azionari derivati dalla cessione da parte della proprietà, riferita al gruppo \"KemOne\", della divisione profili pvc e, ad oggi, non ancora definita, l'Alphacan di Arco (120 dipendenti) ha annunciato un progetto di ristrutturazione. Il piano prevede, nell'arco di 12 mesi, il trasferimento in Francia di un reparto produttivo (\"estrusione\" ad oggi con 30 dipendenti), il potenziamento dell'attività di rivestimento (finutura estetica) per recuperare marginalità con un investimento di 420 mila euro e l'avvio di una nuova linea per fornire profili satinati e verniciati che utilizzerà una tecnologia innovativa per lo stampaggio dei profili con un investimento di 200 mila euro. Inoltre, è prevista la partenza di un progetto di ricerca e sviluppo (800 mila euro) per un prototipo di personalizzazione dei profili da attuare entro il primo trimestre 2015. In questo contesto si genera però un esubero occupazionale di 30 unità; rispetto a ciò l'azienda ha dichiarato ai sindacati la propria disponibilità a predisporre un adeguato «piano sociale di gestione degli esuberi». «Si è creata una situazione complessa che coinvolge in contemporanea il processo di cessione e l'avvio di una ristrutturazione - commenta Mario Cerutti, della Filctem Cgil - il tutto in un momento di crisi. All'azienda abbiamo chiesto di conoscere nel dettaglio il piano industriale futuro e di discutere nel merito degli esuberi, anche sotto il profilo degli ammortizzatori sociali (cassa integrazione ordinaria, straordinaria e mobilità). A questo punto, vista la situazione, si ritiene opportuno anche un coinvolgimento dell'assessore provinciale all'industria, Alessandro Olivi, e allo scopo invieremo, unitariamente, una specifica richiesta di incontro». Anche Alan Tancredi, segretario generale della la Uiltec-Uil in Trentino commenta le cattive notizie che arrivano dalla storica fabbrica arcense: «Abbiamo ricevuto comunicazione dalla direzione di \"Alphacan\" di una nuova riorganizzazione in seno alla multinazionale che la controlla - scrive - la notizia è l'ennesima dichiarazione di esuberi nel settore industriale trentino. La deriva industriale continua inarrestabile. Continue perdite occupazionali e perdite retributive. In questo caso trenta nuovi esuberi. Questo il dato. La Uiltec è molto preoccupata per la spirale negativa inarrestabile che sta indebolendo il tessuto sociale». «La paventata collocazione del settore estrusione in stabilimenti francesi - dice Marco Ravelli, segretario generale Femca Cisl del Trentino - porterà inevitabilmente esuberi di personale che, anche in considerazione del periodo particolarmente difficile che anche il nostro territorio sta attraversando, avrà oggettive difficoltà di ricollocazione nel mercato del lavoro. Bene una linea programmatica aziendale che miri ad attuare strategie volte a migliorare la produzione ed i servizi incrementando la propria concorrenzialità sul mercato purché ciò non porti a riduzione del personale o alla costrizione di trasferimenti del personale all'estero». "
"1044041"|"2014-03-02"|"IN BREVE "|"I ALTO GARDA Le farmacie in servizio domenicale A disposizione fuori orario le farmacie del Rione (550509), di Vezzano (0461-864032) e in appoggio la Redi di Arco (516214). "
"1064465"|"2014-03-09"|"ALTO GARDA E LEDRO FARMACIE IN SERVIZIO "|" - Sono a disposizione fuori orario le farmacie Accorsi di Riva (0464-552302) e Comunale di Tenno (0464-503042). In appoggio la farmaciaVenezian di Arco (0464 519080). "
"1093819"|"2014-03-20"|"Pensionati a Torino "|"Il circolo pensionati di Arco organizza per sabato 5 aprile una gita sociale in pullman alla Reggia di Venaria Reale a Torino. Partenza alle 5.30 del mattino, rientro in serata. Pranzo, visita ai giardini, soste. Costo 60 euro. Entro il 31 marzo. "
"1095737"|"2014-03-21"|"FARMACIE IN SERVIZIO NELL'ALTO GARDA "|" - Dalle 19 a disposizione fuori orario le farmacie Bettinazzi di Arco (tel. 0464516171) e Chinaglia di Torbole (0464-505440). "
"1098434"|"2014-03-22"|"ALTO GARDA E LEDRO FARMACIE DI TURNO "|" - Le farmacie di turno notturno e fuori orario nell'Alto Garda e Ledro sono la Bettinazzi di Arco (0464 516171) e la Chinaglia di Torbolesul Garda (0464 505440). Presta servizio, in appoggio, con normale orario, la farmacia diVarone (0464 551195) "
"11123337"|"2018-06-09"|"Due assunzioni in Apss "|"L'Azienda per i servizi sanitari, sede di Arco, ha indetto un avviso di selezione negli enti pubblici per due posti a tempo indeterminato (qualifica operatore tecnico addetto ai servizi economali) a tempo pieno. Rivolgersi al Centro per l'impiego entro il 15 giugno. "
"1113556"|"2014-03-28"|"Silvia Girelli: ora ascolto, poi darò la mia impronta "|"Alcuni hanno polemizzato per il numero «esiguo» di preferenze personali, altri invece hanno apprezzato molto la «coraggiosa» decisione di Alessandro Betta: sta di fatto che la giovane Silvia Girelli da qualche giorno fa parte della giunta arcense. Un volto nuovo per la politica locale che ha la possibilità di mettere in atto quello che ha studiato nel proprio percorso formativo e scolastico. Silvia Girelli si è diplomata al Liceo scientifico «Galileo Galilei» di Trento, prima di laurearsi alla facoltà di sociologia di Trento con tesi sui servizi socio assistenziali. Ha poi proseguito gli studi e ha conseguito poi una laurea magistrale, dove si è specializzata altresì su temi ambientali, con tesi dal titolo «educare a una gestione dei rifiuti sostenibile, la differenza si fa in classe». A lei abbiamo rivolto le nostre domande sui suoi primi giorni di mandato, sui primi passi che intenderà compiere, sui giovani, sull'ambiente, il sociale. A qualcuno non è piaciuto il fatto che lei è stata nominata assessore con poche preferenze personali. Cosa ne pensa? «Le capisco ma Betta mi ha nominato come assessore esterno - spiega - è una scelta \"tecnica\" che mira alle competenze. Io credo che il sindaco con questa decisione abbia invece dato un bel messaggio a tutti i neo-laureati della zona». Assessora a 24 anni. Se lo sarebbe mai immaginato? «Il mio professore di sociologia dell'ambiente mi aveva parlato di questo progetto \"Arco Bene Comune\", e mi aveva contatto per avere una risorsa in più. Inizialmente ero molto scettica sulle liste e sui partiti, poi le cose si sviluppano con il tempo, ho trovato un bel gruppo, entusiasta e con tanta voglia di fare. Certamente non me l'aspettavo, il mio obiettivo iniziale era quello di dare il mio contributo, poi è successo tutto nel giro di pochi giorni. L'incontro cruciale ovviamente è stato quello con il sindaco; un bellissimo colloquio». Sono i suoi primi giorni nell'esecutivo. Sensazioni, timori, metodo di lavoro... «Sto avendo molti incontri con i dirigenti per capire cosa si sta facendo e comprendere i vari aspetti: prendo molti appunti e studio. Per la verità, di studiare non ho mai smesso». Ci sono persone che le danno una mano per questi primi passi? «Sì, Massimiliano Floriani mi ha dato la sua piena disponibilità. C'è da sottolineare che ha fatto un buon lavoro e non sono qui per \"stravolgere\" nulla, ma per continuare un percorso. Poi certo, con il tempo darò la mia impronta, ma è ancora presto». Parliamo di ambiente e di raccolta differenziata. La soddisfa la raccolta attuale? Si può migliorare? «In realtà, come Comunità Alto Garda e Ledro, abbiamo una percentuale tra le più basse della provincia; come comune di Arco, siamo messi meglio da quel punto di vista. Chiaramente ci sono delle problematiche che vanno risolte, legate in particolar modo al turismo. Sono favorevole al porta a porta spinto, dato che rappresenta la soluzione migliore secondo molti studi, compreso quello del dipartimento di ingegneria dell'università di Trento. Poi bisognerebbe cercare di uniformare, almeno nei comuni limitrofi, il metodo di raccolta». Come agirebbe nel futuro al riguardo? «Bisogna riuscire a \"cambiare\" la mentalità, partendo dai bambini e dalle scuole. E necessario, a mio avviso, intervenire sull\"'atteggiamento eco-sostenibile\"». Politiche giovanili. Crede che manchino dei luoghi di aggregazione per i giovani? «Bisogna prima di tutto ascoltarli e capire eventuali criticità; penso al nuovo centro giovani come luogo dove i ragazzi possano fare piccole esperienze d'impresa». Politiche sociali: le sue priorità. «Indubbiamente il progetto più importante rimane \"l'intervento 19\"». "
"11136918"|"2018-06-11"|"DUE ASSUNZIONI IN AZIENDA SANITARIA "|"- L'Azienda per i servizi sanitari, sede di Arco, ha indetto un avviso di selezione negli enti pubblici per 2 posti, tempo indeterminato (qualifica: operatore tecnico addetto ai servizi economici) a tempo pieno. Info al centro per l'impiego entro il 15 giugno. "
"11171514"|"2018-06-14"|"Assunzioni in Apss I ALTO GARDA "|"L'Azienda per i servizi sanitari, sede di Arco, ha indetto un avviso di selezione negli enti pubblici per 2 posti, tempo indeterminato (operatore tecnico addetto ai servizi economici) a tempo pieno. Info al centro per l'impiego entro il 15 giugno. "
"11205258"|"2018-06-17"|"I ALTO GARDA Assunzioni in Apss "|"L'Azienda per i servizi sanitari della Provincia, presso la sua sede di Arco, ha indetto un avviso di selezione negli enti pubblici per due posti, con contratto a tempo indeterminato (qualifica operatore tecnico addetto ai servizi economici) a tempo pieno. Info al centro per l'impiego entro il 15 giugno. "
"1120608"|"2014-03-31"|"ALTO GARDA Farmacie in servizio "|"A disposizione, fuori orario, le farmacie Redi di Arco (tel. 0464-516214) e Riletto di Pieve di Ledro (tel. 0464-591038). "
"1125034"|"2014-04-01"|"ALTO GARDA "|"Farmacie in servizio A disposizione, fuori orario, le farmacie Redi di Arco (tel. 0464-516214) e Foletto di Pieve di Ledro (tel. 0464-591038). "
"1162665"|"2014-04-14"|"Ruatti e Negrello appaiati al traguardo di Â«VivicittÃ Â» "|"ARCO - Quasi 500 appassionati del running hanno partecipato ieri alla 31a edizione di VivicittÃ , la prova podistica promossa dalla Uisp che, come di consueto, si ripromette di abbinare la corsa alla sensibilizzazione verso la beneficenza e solidarietÃ . Dopo che domenica scorsa la manifestazione si era sviluppata in oltre 40 cittÃ  italiane e in 20 estere, ieri Ã¨ toccato anche al Trentino rispondere presente all'appello della Uisp con la prova organizzata dall'Atletica Alto Garda e Ledro lungo i 12 chilometri (poi diventati appena meno di 11 per una deviazione dell'ultim'ora, causa lavori in corso) che separano il cuore di Riva del Garda dal centro sportivo di Via Pomerio ad Arco, passaggio a Torbole incluso. Cinquecento partecipanti, si diceva, dei quali oltre 290 hanno preso il via nella prova agonistica, mentre il restante si Ã¨ limitato alla non competitiva di 5,5 chilometri, affrontate con il comun denominatore della raccolta di fondi in favore degli interventi umanitari in Libano. La prova agonistica ha visto raggiungere a braccetto il traguardo la strana coppia formata dal ventitreenne della Val di Rabbi Paolo Ruatti (Atletica Valli di Non e Sole) e dal trentenne primierotto Manuel Negrello (Us Primiero), arrivati insieme sul rettilineo dello stadio arcense con il rabbiense premiato dal cronometro con il tempo di 34'37, un secondo meno rispetto a quanto raccolto dal primierotto di Mezzano, mentre in terza posizione si Ã¨ fatto largo il ventenne scalatore Cesare Maestri (Atletica Valchiese) che ha concluso la sua prova un minuto esatto dopo il vincitore, precedendo i due nonesi Giovanni Deromedi ed Adriano Pinamonti, entrambi portacolori dell'Atletica Valli di Non e Sole. In sesta piazza si Ã¨ inserito il giudicariese del Marocco Mohamed Madouh (Atletica Valchiese), seguito a ruota da Maurizio Vacca (Gs Fraveggio) e Juri Radoani (Atletica Valchiese). La prima ragazza a raggiungere il traguardo Ã¨ stata la nonesa di Tassullo Mirella Bergamo (Gs Valsugana Trentino), approdata ad Arco dopo 41'00 (42Â° tempo assoluto) per precedere la padrona di casa Ãnisleidy CorderÃ², trentenne di origine cubana, e l'emiliana Daniela Ferraboschi; quarta la ventenne di Cles Chaira Flaim (Atletica Valli di Non e Sole). Come spesso accade VivicittÃ  Ã¨ stato davvero sport per tutti, anche per l'assessore allo sport del Comune di Arco Maria Luisa Tavernini (Cus Trento, 124a assoluta) o per l'inglese Adrian Woods (51Â°), delegato della Federazione mondiale della corsa in montagna e presente nell'Alto Garda per il sopralluogo al tracciato del mondiale under 18 in programma ad Arco il 29 giugno prossimo. Immancabile al traguardo anche Mauro Tornasi, noto maratoneta diversamente abile in carrozzina. "
"1174857"|"2014-04-18"|"Pedalare per la ricerca sui tumori "|""
"1192678"|"2014-04-25"|"Tanja e Irena le più applaudite "|"POZZA DI RONCONE - Alla Pozza di Roncone, così come ad Arco e a San Giacomo di Brentonico, tanti gli applausi per i vari Cadel Evans, Bradley Wiggins, Moreno Moser e compagnia bella. Le più acclamate, però, ovunque sono Tanja e Irena, le due bionde che in un giorno sono costrette a farsi scattare foto con centinaia di fan più o meno attempati: per la maggior parte degli appassionati al seguito del Giro del Trentino - non ce ne vogliano i campioni del pedale - le vere attrazioni sono loro, le due miss che sul podio festeggiano vincitori di tappa e leader vari. Siamo dunque convinti che, più che il conto in banca o il fisico, in tanti invidiano a Cadel il duplice bacio (ieri quadruplice, due per la tappa ed due per la maglia) delle osservatissime fanciulle, una trentina doc, una «d'adozione». Tanja Bellante ha 18 anni, è una fiemmazza di Tesero, ha un passato da ciclista, sta studiando per diventare tecnico di centro benessere e da un paio d'anni frequenta i palchi del pedale nostrano. Irena Don (per lei è solo un cognome, a differenza dell'onnipresente Daniele) invece ha 21 anni, è per metà polacca e per metà ucraina ed è iscritta alla facoltà di economia dell'università di Trento. Entrambe vivono il Giro del Trentino come un'occasione per divertirsi, e almeno per ora non sembrano puntare ad una carriera da modelle. «Sono nel ciclismo da sempre - racconta Tanja anche perché mio padre è un grandissimo appassionato. Dopo qualche anno in sella, grazie ad Ivan Conci ho avuto la possibilità di provare questa avventura ed eccomi qui... Mi diverto un sacco, in questo ambiente si ha la possibilità di conoscere posti e amici nuovi. Per ora è un divertimento, in futuro chissà. Mi piacerebbe fare il Giro d'Italia una volta, ma so che è molto difficile: punto all'edizione del 2016, visto che si dovrebbe andare a Dubai...». Sulla stessa lunghezza d'onda Irena: «Un po' per caso sono entrata in questo mondo e via via mi sono sempre più appassionata. Oltre al Giro del Trentino, partecipo anche ad altre corse di dilettanti come la Bolghera, sempre per divertirmi». Tanja grazie al Giro del Trentino ha trovato pure il fidanzato. «Lo scorso anno ho conosciuto Andrea Pasqualon (26enne professionista di Enego, in forza all'Area Zero, ndr) proprio al Giro del Trentino: non è geloso perché conosce l'ambiente e si fida di me». «Anch'io ho il fidanzato - ribatte Irena - ma lui non c'entra con il mondo del ciclismo e forse proprio per questo è abbastanza geloso...». Vabbè, forse abbiamo disilluso qualche fan delle due miss, ma pazienza, siamo sicuri che anche oggi sul Bondone sarà molto lunga la fila per una foto con Tanja e Irena. Anche perché, almeno per quest'anno, sarà l'ultima occasione. A.Z. "
"1210399"|"2014-05-03"|"I ALTO GARDA Farmacie in servizio "|"A disposizione fuori orario di servizio, le farmacie Accorsi di Riva (tel. 0464-552302), Comunale di Tenno (tel. 0464-503042) e oggi in appoggio Venezian di Arco (tel. 0464-519080). "
"1225559"|"2014-05-09"|"142 volenterosi che pedalano per aiutare la ricerca biomedica "|"Nella splendida cornice del circolo Vela Arco si è tenuta la seconda edizione di «Pedalando sul Garda per la ricerca biomedica»: 42 appassionati si sono ritrovati nella mattina ed hanno pedalato con lena, scandita dalle musiche che gli istruttori inserivano nel mixer; all'inizio della manifestazione è stato consegnata da Stefano Chelodi (presidente delegazione Fondazione Veronesi) la maglia della manifestazione e la medaglia al presidente Carlo Pompili per la splendida accoglienza riservata (così come era stato per il Circolo Vela Torbole lo scorso anno) ed una targa di ringraziamento speciale per l'impegno profuso, a nome della Fondazione Umberto Veronesi, è stata donata ad Ettore Prada vera anima di questo gruppo di sportivi \"solidali\" e sensibili ai grandi temi sociali (qual è appunto la lotta ai tumori). Al termine della manifestazione pasta party offerto dal Circolo Vela Arco ed organizzato dai suoi volontari, ha rifocillato gli stremati \"spinner\" e tutto questo lavoro (organizzativo con trasporto di 46 bike da varie palestre trentine) ha consentito alle due entità benefiche (Fondazione Veronesi e Associazione Trentina per la Medicina Genomica) di aggiungere più di mille euro (netti ovvero dedotte le spese sostenute) alla somma che a fine anno verrà consegnata per il progetto «Precision Medicine» al CIBIO diretto dal professor Quattrone prò rettore dell'Università di Trento. D.P. "
"1239839"|"2014-05-14"|"Il «testamento biologico», sabato quattro esperti a Palazzo dei Panni "|"Ad Arco si torna a parlare di «testamento biologico», tema già trattato in passato in incontri e dibattiti che hanno interessato anche la politica locale. Questa volta l'occasione è offerta da un incontro organizzato dai Lions e dal Comune che si svolgerà sabato alle 16 a Palazzo dei Panni. Ci saranno Fabrizio Zappaterra, coordinatore medico-legale dell'Inps in regione e membro del consiglio direttivo dell'Ordine dei medici chirurghi di Trento. Quindi Carlo Casonato, professore ordinario di diritto costituzionale comparato all'Università di Trento e componente del comitato nazionale di bioetica. Renzo Pegoraro, direttore scientifico della fondazione \"Lanza\" di Padova e Paolo Benciolini, ordinario di medicina legale all'Università di Padova e presidente del comitato etico dell'azienda ospedaliera padovana. Riflessioni bioetiche, ruolo del comitato etico, situazioni cliniche esemplificative, situazione attuale in Italia e sue prospettive i temi delle relazioni. L'incontro sarà moderato dal direttore de l'Adige Pierangelo Giovanetti. "
"1252128"|"2014-05-17"|"Approfondimento con il Lions club sul futuro del testamento biologico "|"Appena un paio di settimane fa (era il 2 maggio) il Lions Club altogardesano è stato protagonista di una iniziativa pensata per trasmettere ai più giovani l'importanza della sicurezza stradale ed educarli ad un uso più consapevole dei mezzi di trasporto, soprattutto motocicli e ciclomotori. Oggi, invece, il Lions club propone, con il patrocinio del Comune di Arco, un evento ancora più impegnativo, un dibattito sul «Testamento biologico» al quale parteciperanno alcuni tra i massimi esperti del settore, oltre al direttore de l'Adige, Pierangelo Giovanetti, in qualità di moderatore. Si inizia alle 16, nella sala auditorium di Palazzo Panni. Il primo ad intervenire sarà Fabrizio Zappaterra (coordinatore medico legale dell'Inps regionale, membro del consiglio direttivo dell'Ordine dei medici chirurghi di Trento) che parlerà di «Introduzione al testamento biologico: situazioni cliniche esemplificative». Quindi la parola a Carlo Casonato (professore ordinario di Diritto costituzionale comparato all'Università di Trento, componente del comitato nazionale per la bioteica) che interverrà su «Il testamento biologico: stato dell'arte e prospettive future». Terzo relatore sarà Renzo Pegoraro (direttore scientifico della Fondazione «Lanza» di Padova) che si concederà alle «Riflessioni bioetiche in tema di testamento biologico-dichiarazioni anticipate». Ultimo contributo in ordine di presentazione quello di Paolo Benciolini (professore ordinario di medicina legale dell'Università di Padova, presidente del comitato etico dell'Azienda ospedaliera padovana) che parlerà di «Ruolo ed esperienze di un comitato etico per la pratica clinica». Dopo gli interventi sarà possibile dar vita ad una tavola rotonda aperte alle domande e agli interventi del pubblico presente. Il tema, come noto, in Italia è di costante attualità vista anche la difficoltà che politica e parlamento incontrano ad affrontarlo compiutamente. Divisioni che vanno oltre le posizioni delle singole forze politiche e che lacerano i partiti, i movimenti, le coscienze individuali. Per questo ogni occasione per capire meglio di cosa stiamo parlando è la benvenuta. "
"1252129"|"2014-05-17"|"CON I PENSIONATI A MANGIARE PESCE "|" - Il circolo pensionati di Arco ha organizzato per il giorno 31 maggio un viaggio a Chioggia con pranzo a base di pesce. Le iscrizioni si raccolgono presso il bar del circolo. "
"1259486"|"2014-05-20"|"CON I PENSIONATI A MANGIARE PESCE "|" - Sabato 24 l'escursione organizzata dal circolo pensionati di Arco, un viaggio a Chioggia con pranzo a base di pesce. Le iscrizioni si raccolgono presso il bar del circolo. "
"1259491"|"2014-05-20"|"I ALTO GARDA Farmacie fuori orario "|"Oggi sono di turno fuori orario la farmacia Bettinazzi di Arco (tel. 0464 516171) e la farmacia Chinaglia di Torbole (0464 505440). "
"1269268"|"2014-05-23"|"ALTO GARDA Farmacie in servizio "|"Di turno fuori orario la farmacia Redi di Arco (tel. 0464-516214)) e la Foletto a Pieve (0464-591038). "
"1298236"|"2014-06-01"|" Le farmacie di turno "|"Prestano servizio al di fuori del normale orario di apertura la farmacia Venezian di Arco (0464.519080) e la farmacia Ropelato di Sarche (0461.563141). Oggi e domani in appoggio la farmacia Accorsi di piazza delle Erbe a Riva (0464.552302). "
"1299963"|"2014-06-02"|"«Veg-festa» nel nome degli animali "|""
"1301612"|"2014-06-03"|"Primario a Mantova e volontario in Etiopia "|"PINZOLO - Medico chirurgo specializzato, docente universitario e presidente per tre mandati consecutivi dell'associazione di categoria, ma anche benefattore e amante del continente africano, appassionato di storia e, a suo dire, «emigrato che non vede l'ora di tornare nella terra natia». Nato a Arco e cresciuto a Pinzolo, Marco Collini, primario emerito del reparto di maxillo facciale dell'ospedale di Mantova, è tornato in Trentino per parlare, nell'ambito di un convegno organizzato dal Rotary Club Trento, di una delle sue tante esperienze in ambito sanitario: la fondazione e la conduzione di un centro medico di primo intervento in una delle zone più povere dell'Etiopia, nella regione del Guraghe. Classe 1948, Collini studia all'istituto arcivescovile Celestino Endrici di Trento, scegliendo poi di diplomarsi in medicina all'università di Parma. Conseguita la laurea, Collini continua gli studi di ricerca specializzandosi in diversi campi: dall'odontoiatria alla chirurgia facciale, dall'otorinolaringoiatria all'insegnamento. Nel 1988 viene quindi chiamato a dirigere la divisione maxillo-facciale del nosocomio Carlo Poma di Mantova, continuando tuttavia a mantenere i contatti con l'amato Trentino. «Fuori provincia mi sono sempre sentito un immigrato - aggiunge il chirurgo - e fin da subito ho credito di dover rappresentare il mio territorio di origine quale ambasciatore. A Mantova trovai una chiesetta dedicata a San Martino utilizzata come luogo di culto e di sepoltura per i lavoratori stagionali della Val Rendena nel Seicento». Nel suo tempo libero, il primario entra in contatto con i frati cappuccini trentini, impegnati da decenni a fornire assistenza ad una popolazione poverissima: quella etiope. «Andai per la prima volta in Etiopia nel 2002 - dice Collini - cercando di mettere le mie competenze a disposizione delle missioni del posto, gestite soprattutto da suore. Ovviamente non si poteva intervenire chirurgicamente, ma si cercava quantomeno di garantire una medicina di base». Collini investe fin da subito tempo e risorse per la realizzazione di un pozzo e di un piccolo centro ospedaliero nelle vicinanze del villaggio di Maganasse. «Ora - conclude confidandoci il proposito di tornare quanto prima a vivere in Trentino - vado in Africa una volta all'anno per svolgere il mio turno di servizio a favore della gente del posto». "
"1318655"|"2014-06-09"|"Riva, oggi i funerali del dottor Manzi "|"RIVA-Si svolgeranno oggi alle 15, nella chiesa Arcipretale di Riva, i funerali del dottor Peppino Manzi (nella foto), storico pediatra dell'Alto Garda e delle Giudicarie scomparso venerdì all'età di 94 anni. Nato a Pavia il 30 ottobre 1919, si laurea in medicina e chirurgia il 29 dicembre 1945 presso l'ateneo lombardo. Sempre all'Università di Pavia consegue nel febbraio del '47 la specializzazione in Igiene pratica e l'anno successivo, all'ateneo di Parma, quella di pediatria e puericoltura. Dal gennaio 1950 è aiuto al Preventorio infantile Pavese di Torbole (l'attuale ex Colonia Pavese) dove vi resta fino al giugno 1976. Contemporaneamente, dal '62 al 1989, il dottor Manzi svolge attività professionale come specialista in pediatria consultoriale per incarico dell'Onmi, l'Organizzazione nazionale maternità e infanzia. Il dottor Manzi era ufficialmente in pensione dal 1990. Lascia i figli Mario, Alberto (chirurgo presso l'unità operativa dell'ospedale di Arco) e Anna. Nell'ultimo anno di vita, considerate le precarie condizioni di salute, si era trasferito ad Arco per vivere accanto al figlio Alberto. "
"1337201"|"2014-06-15"|"Qui ortopedia è eccellente "|"«Mi ha molto colpito la qualità che ho trovato in reparto. Una serie di colleghi preparati che coprono con efficienza gran parte delle patologie ortopediche. Perché quindi tanti trentini vanno a farsi curare fuori provincia? Direi che non c'è stata capacità di comunicare, di farsi conoscere. Se la gente avesse ben chiaro il livello delle prestazioni erogate qui, non se ne andrebbe». Fabrizio Cortese domani mattina prenderà servizio come primario di Ortopedia al Santa Maria del Carmine. Nominato a capo di una struttura che conta dodici dirigenti medici dalla direzione dell'Apss dopo aver dominato la selezione pubblica, che ha visto la partecipazione di altri nove professionisti. «Devo dire che la mia nomina mi ha francamente stupito. Si vede che qui si sceglie in base al merito. Non è scontato. Né una pratica diffusa». Nato a Roma il 31 luglio 1963, laurea in Cattolica nel 1988, specializzato in ortopedia e traumatologia nel 1993. Tre anni di servizio come ufficiale medico dell'elisoccorso presso il 15esimo stormo dell'aereonautica militare svolgendo numerose missioni in Italia e all'estero. Componente della faculty di caviglia della Società italiana di artroscopia, dalla fondazione è stato componente del Consiglio direttivo della società veneta degli ortopedici e traumatologi ospedalieri. Negli ultimi dieci anni ha lavorato, «a stretto contatto con il direttore dell'unità operativa Claudio Zorzi», presso la divisione ortopedica del Sacro Cuore di Negrar (Verona). Proprio dove ogni anno centinaia di trentini si recano per interventi di chirurgia ortopedica. Nessun mistero che nel mandato con cui Cortese arriva a Rovereto spicca il compito di ridurre questa dinamica. Oltre 1.400 i ricoveri fuori provincia nel 2012. Un danno economico per la sanità trentina non indifferente, visto che la ricostruzione dei legamenti o l'installazione di una protesi costano rispettivamente 3mila e 1 Ornila euro. «La maggior parte dei trasferimenti sono per interventi di chirurgia del ginocchio, del piede, dell'anca e per traumatologia dello sport sottolinea ancora Cortese -. Una \"fuga\" che in effetti non ha senso di esistere». Come ridurre quindi l'esodo verso il Veneto? «Da un lato aumentando il numero assoluto di interventi in Vallagarina. Cominceremo a fare interventi di retropiede e protesica del piede, amplieremo gli spazi della chirurgia dello sport, delle patologie della cartilagine e della chirurgia legamentosa». Non che questo voglia dire il venir meno dei rapporti scientifici con Negrar. «La collaborazione con Zorzi resterà in essere, Rovereto ha tutto da guadagnare». Nel 2012 al Santa Maria del Carmine sono stati effettuati 3.100 interventi di chirurgia ortopedica; altri 700 a Arco (anch'essa da domani sotto la direzione di Cortese), dove si è specializzati in chirurgia artroscopica e della spalla. Nel 2013 i casi sono stati 2300. È fattibile, a parità di forze disponibili, aumentare significativamente il numero di interventi? «Contiamo di rinnovare la convenzione con l'Università di Udine per avere uno specializzando in reparto. Anzi, vorremmo ampliare l'accordo a Verona. Ma al di là di queste eventualità, le forze già ci sono. Vanno però sfruttati meglio i tempi operatori, i \"tempi di sala\". In pratica, ridurre i tempi morti. Conto di farcela, l'organizzazione del lavoro è un po' la mia specialità. A Negrar mi sono occupato della definizione dei protocolli per patologie comuni a tutto l'ospedale, e della standardizzazione delle risposte. Certo avrò bisogno dell'appoggio della struttura, della collaborazione degli altri reparti, a cominciare ovviamente dagli anestesisti». Il mandato con cui Cortese prenderà in mano da domani ortopedia prevede, oltre alla riduzione degli \"esodi\", l'operazione di tutte le fratture del femore, tipica infermità degli anziani, entro 48 ore dal ricovero (obiettivo centrato nel 2013 al 65%). Inoltre, la riduzione delle prestazioni ambulatoriali non motivate. «Va recuperato il rapporto con il territorio, con i medici di base. Dobbiamo migliorare la nostra comunicazione. Far sapere al'esterno quello che facciamo all'interno. Contatti con le associazioni sportive, con i presidi sanitari, con il mondo dello sport. Rispondere alle richieste di prestazione del territorio efficentando le risorse già disponibili». "
"1341381"|"2014-06-17"|"«Il mio punto di partenza» "|"PIEVE DI BONO - Sabato 21 giugno non sarà celebrato dalla comunità di Pieve di Bono semplicemente come il solstizio d'estate, ma come il traguardo raggiunto da un suo figlio. Infatti a Trento, alle 14,30, sarà ordinato sacerdote Daniele Armari, di Agrone, insieme all'altro giudicariese Lorenzo lori. Fino a qualche decennio fa l'avvenimento sarebbe stato importante sì, ma non avrebbe assunto l'etichetta di fatto straordinario come oggi. Molte comunità trentine avevano ragazzi che decidevano di vestire l'abito talare. Il percorso era uguale per tutti: venivano mandati in seminario da piccoli e poi, se fossero state rose, sarebbero fiorite. E molte fiorivano. Così ogni paese, anche il più piccolo, aveva il proprio parroco, mentre i più grossi potevano contare pure sul cappellano. Oggi è diverso: tanto per fare un esempio, nel Chiese (quattordici comuni ed una ventina di centri abitati di una certa consistenza) ci sono quattro parroci. Nel decanato di Condino tre, tanto che sono state costituite le Unità pastorali per tenere assieme più ex parrocchie. Ecco perché, con un simile panorama, diventa straordinario che un ragazzo decida di indossare i panni del pastore. Ha l'aria mite Daniele Armani, che fra le sue passioni ha la musica. Suona il pianoforte e l'organo, e si può dire che sia figlio d'arte: il papà Cornelio è direttore del Coro Azzurro, uno dei fiori all'occhiello di Pieve di Bono. Sacerdote a 31 anni, perché la vocazione è arrivata tardino. Per carità, non è mai troppo tardi! «Il mio percorso - racconta è cominciato a 17 anni, quando frequentavo l'Istituto agrario di San Michele». Agricoltura e dintorni, amore per animali e ambiente sono una virtù di famiglia: il papà ed il fratello gestiscono la troticoltura che sta al confine fra Pieve di Bono e Lardare E probabilmente il destino avrebbe tenuto qui anche Daniele, se non fosse intervenuta la chiamata dall'alto. Dopo San Michele il ragazzo si iscrisse ad agraria, all'università di Padova, ma non arrivò alla laurea. «Non ho interrotto per entrare in seminario: non era ancora il tempo», sorride Daniele, «ma perché ho fatto un tirocinio con il Parco Adamello Brenta, che successivamente mi avrebbe assunto con contratti a termine. Contemporaneamente lavoravo anche nell'azienda di famiglia, per cui non potevo più continuare a studiare». Fino al settembre del 2008. A 25 anni la decisione: lasciare la strada vecchia per imboccarne una nuova. Teologia e filosofia in seminario. Il 24 novembre scorso fu nominato diacono, e sabato prossimo avverrà (con tutta la solennità del caso) l'ordinazione sacerdotale. Intanto da ieri Daniele e Lorenzo sono nel ritiro delle Grazie di Arco per prepararsi nel silenzio all'evento. Poi? A don Daniele piacerebbe andare in missione o rimanere fra le pecorelle di casa? «Come sacerdoti diocesani siamo incardinati in Trentino», risponde, «dunque restiamo qui. Poi, se il Vescovo lo chiede e se siamo disponibili, c'è la possibilità di partire, ma sicuramente non adesso. Immagino che per qualche anno sarò assegnato ad una parrocchia nel ruolo di cappellano». Insomma, la strada è imboccata. «Effettivamente - precisa Daniele - non parlerei di un traguardo raggiunto, ma di un punto di partenza». "
"1378108"|"2014-07-01"|"Tutti i finanziamenti alle associazioni "|"Sono quattro le associazioni ambientali a ottenere dalla giunta comunale di Arco, riunitasi alcuni giorni fa, per il contributo comunale ordinario per le attività del 2014. Alla sezione del Pan Eppaa di Riva el Garda (Protezione animali natura-ente provinciale protezione animali e ambiente) che gestisce il gattile di Riva, servendo però la zona dell'Alto Garda, vanno 960 euro. Alla Sat 1.420; alla Lega anti vivisezione 360 euro e al Movimento decrescita felice - circolo territoriale Alto Garda 220 euro. Per quanto riguarda invece le associazioni con finalità ricreative ecco l'elenco dei controbuti ordinari sempre per l'anno in corso. Comitato festa dell'Addolorata: 670 euro; Gruppo alpini Arco: 540 euro; al Comitato san Antonio e Marcello: 490; all'Unione nazionale sottufficiali italiani sezione Alto Garda e Ledro: 310; al Comitato San Bernardino: 300; al Consorzio protezione e valorizzazione San Giovanni al Monte e Gorghi: 300; al Comitato valorizzazione Varignano: 280; al Comitato festeggiamenti San Giuseppe: 280; al Circolo Romarzollo: 180; al Gruppo culturale Schiitzen: 150 e a Me Spazio Arte: 110. C'è poi il lungo elenco dei contributi ordinari per il 2014 alle associazioni sportive. Ad Amici nuoto Riva: 1.400;Asd Judo Kwai: 890; Asd Lao Kuan: 750; Asd Olimpia Tennistavolo: 1.440; Asd Scacchi Alto Garda: 460; Ciclistica Dro: 1.400; Circolo bridge Arco: 540; Circolo vela Arco: 1.310; Club ippico S.Giorgio: 2.330; Asd Dojo Club: 720; Ad Virtus basket Alto Garda: 6.440; Asd Pallavolo C9 Arco-Riva: 14.270; Pescatori Basso Sarca: 640; Polisportiva S.Giorgio Ugo Bike: 2.780; Sci club Arco: 1.350; Gruppo modellistico Alto Garda: 630; Associazione italiana arbitri: 560; Asd Baseball Alto Garda: 650; Asd Twirling Alto Garda: 710 ; As d Western Time: 590; Gruppo auto moto d'epoca Alto Garda: 810; Asd Skatenateam Bike: 540; Asd Gymnica: 440; Asd II Vento: 340; Asd Arcieri Virtus: 530; Asd AltoGarda Golf: 550; Asd Hockey club Riva: 500; Asd Cestistica rivana: 360; I Fly Tandem: 300; Ki Hap Taekwondo: 230; Gs Amatori Basso Sarca: 230; Gruppo sportivo Alto Garda - Giro del Trentino: 5.140; Asd Trentino Eventi - Half Marathon: 1.390; Asd Team femminile Trentino: 1.120. L'amministrazione comunale di Arco, così elargisce un totale di contributi sportivi pare a 52.340 euro. Tutti questi contributi, finanziamenti o benefici economici vengono erogati ad associazione che per un verso o l'altro sviluppano «sinergie significative per lo svolgimento di iniziative di interesse generale». Gli enti, le associazioni e i soggetti destinatari di finanziamenti a sostegno dell'attività di gestione, possano presentare, entro il 31 ottobre di ogni anno, istanze per la concessione di contributi o di altri benefici per il finanziamento dell'attività ordinaria annuale dell'esercizio successivo. Nella riunione di giunta lo scorso martedì è stato anche approvato l'accordo di programma con l'associazione Giovani Arco (attiva sul territorio dal lontano 1995 con iniziative di animazione estiva rivolte ai minori) per le settimane linguistiche a Dublin, Brighton, Nice, Berlin e Strasbourg rivolti in particolare a giovani studenti ma anche a tutti coloro che hanno interesse ad apprendere l'inglese il francese o il tedesco e a conoscere la cultura di altri Paesi europei. La giunta assegna all'ente che ha sede in via Caproni Maini 24, un finanziamento di 26 mila euro dei quali la metà come anticipo. L'accordo prevede anche il contributo da parte della Regione Trentino Alto Adige per 117.400 euro. "
"1390107"|"2014-07-06"|"Farmacie in servizio "|"A disposizione fuori orario la Mutalipassi di Riva (tel. 0464-552508) e la Nardelli di Dro (tel. 0464-504205). Oggi in appoggio anche la farmacia comunale di Arco a Bolognano (tel. 0464514588). "
"1404981"|"2014-07-12"|"IN BREVE"|"I ALTO GARDA Farmacie in servizio In servizio fuori orario la farmacia Bettinazzi di Arco (tel. 0464-516171), la Chinaglia di Torbole (0464-505440) e in appoggio oggi e domani anche la farmacia di Varane (tel. 0464-551195). "
"1407717"|"2014-07-13"|"Le farmacie di turno "|"Prestano servizio all'infuori del normale orario di apertura la farmacia Bettinazzi di Arco (tel. 0464.516171) e la farmacia Chinaglia di Torbole (tel. 0464.505440). "
"1414290"|"2014-07-16"|"« Convinta della mia proposta, se non piace me ne vado "|"«Non ho intenzione di rimangiarmi la proposta. Se il mio lavoro non è apprezzato, pazienza. Ne trarrò le mie conclusioni». Quando l'assessore alla salute Donata Borgonovo Re afferma - con voce e toni pacati, senza scomporsi un minimo che non è disposta a scendere a compromessi sulla chiusura del punto nascite di Tione siamo ormai alla fine di una burrascosa mattinata in Consiglio provinciale. La tempesta scaturita dall'interrogazione del leghista Maurizio Fugatti per sapere se il reparto maternità di Tione subirà un ridimensionamento o chiuderà (e dove verrà impiegato il personale che attualmente opera lì) ha fatto arrabbiare il presidente e gli alleati, ha fatto vacillare il Pd, ma non ha scalfito neanche un po' le certezze dell'assessore. Nel rispondere a Fugatti Donata Borgonovo Re è tornata a spiegare che «la valutazione che sta alla base della scelta non è di carattere economico, ma di appropriatezza e qualità del servizio per la madre partoriente e del nascituro». Le valutazioni saranno effettuate da alcune società specializzate. Ha aggiunto che il numero di parti stimato a Tione nel 2014 è di 140, rispetto ai 178 del 2013 (quest'anno i parti sono stati fin'ora 78), ben lontani dalla soglia minima che giustificherebbe la presenza di un reparto. Un'analisi tecnica ha dimostrato che questi parti verranno distribuiti tra i punti di nascita soprattutto di Arco, e poi in numero inferiore, di Rovereto e Trento. «Tutti - ha precisato - sono comunque in grado di assorbire la maggiore attività», perché 140 parti corrispondono a poco più di un posto letto ospedaliero aggiuntivo. Assessore, la sua risposta che ribadisce la sua intenzione di chiudere Tione ha fatto arrabbiare il presidente Rossi. 10 ho dato una risposta a partire dai dati: 140 nascite a Tione previste per il 2014, contro le 178 del 2013. Inoltre, prima guardavamo un report di Cittadinanzattiva con l'assessore Olivi, il trend resterà in decrescita. Questa è la proposta che ho portato in giunta. Entro la fine di luglio presenterò in giunta la mia proposta sulla definizione della rete ospedaliera (che contiene la chiusura dei punti nascita, ndr). In quel momento la giunta avrà un quadro e comincerà la discussione sui punti critici. Per la verità il dibattito è già iniziato. È chiaro che Tione è uno dei nodi critici. Su quello il presidente Rossi vuole un percorso condiviso. Benissimo. In ogni caso l'eventuale delibera avrebbe tempi lunghi perché è complessa: vanno trovate le modalità di chiusura e sostituzione, i tempi, i modi. Ma lei sarebbe disposta a tutto per portare a casa la delibera? Guardi, non sono una politica e non conosco bene tutti i meccanismi. Anzi, spero di non impararli. Comunque ammetto che un errore l'ho fatto: avrei dovuto aprire la discussione in giunta prima di andare sul territorio. Questo mi avrebbe permesso di saggiare il polso della situazione. Fa mea culpa? Sono consapevole dell'errore di metodo, ma al netto di questo ora vedo la necessità come giunta e come maggioranza di chiarirci bene le idee su cosa vogliamo fare. Si spieghi. 11 piano triennale di miglioramento redatto dell'Azienda sanitaria e approvato nell'estate 2013 contiene pagine e pagine sulla riorganizzazione della rete e sulla ridefinizione dei punti nascita. Come dire che sono stati Rossi, Gilmozzi e Mellarini a dare l'okay alla chiusura dei punti nascite, non lei che ai tempi non era nemmeno in politica? II piano l'hanno approvato Rossi e Gilmozzi. Comunque non voglio rinfocolare polemiche, solo ribadire che il mio lavoro è in continuità su un percorso avviato un anno fa. Tanto che Rossi, nella riunione di lunedì alla Comunità di valle a Tione non ha detto che il punto nascita non si chiude. Ha detto: discutiamo, parliamo sapendo che nessuna decisione è preclusa. E la mia proposta è sostenuta anche da chi lavora in ospedale. Durante l'incontro di lunedì una ginecologa mi ha detto: \"Per noi la chiusura sarebbe una liberazione\". Ma se i suoi colleghi di giunta volessero assolutamente mantenere aperti i punti nascita oggi i discussione che farà? Si rimangerà la proposta? Non ho intenzione di farlo. Che succederà, allora? Guardi, io sono disposta a fare il mio lavoro finché viene apprezzato e incontra la fiducia. Se non è così, va bene. Pazienza, ne trarrò le mie conclusioni. Addirittura. Comunque non siamo ancora a questo punto. Lo ammetto: sono stata troppo brusca. Ora però ripartiamo da zero. "
"1422848"|"2014-07-19"|"Marialuisa Tavernini la «sportiva» della giunta "|"E una delle facce nuove di questo esecutivo. Marialuisa Tavernini, giovane assessore con delega allo sport e turismo del comune di Arco, nonché espressione della cosiddetta società civile, è infatti alla sua prima esperienza in politica. Nonostante questo il risultato alle ultime elezioni comunali è stato ragguardevole e sorprendente, poiché è stata la donna più votata del Partito Democratico arcense con 108 preferenze. Sposata con due figli e libera professionista, Marialuisa è un agente di commercio, lavoro che porta avanti, seppur in modo «limitato» e circoscritto a poche zone dopo che il sindaco Betta l'ha voluta in squadra. E laureata in mediazione linguistiche per le imprese e il turismo all'università di Trento e ha una grande passione per lo sport, in particolare per il nuoto, che ha praticato agonisticamente per tanti anni. A lei abbiamo rivolto le nostre domande sui suoi primi mesi di mandato e sui progetti che, in campo sportivo e turistico, intenderà portare avanti in questi anni. Com'è maturata l'idea della sua candidatura nelle file del Pd? Si è proposta lei? O l'hanno cercata? «In realtà è stata quasi una casualità. Ci siamo incontrati un giorno io e Alessandro Betta in piscina e, chiacchierando, è nata questa opportunità. Da lì c'è stato un colloquio con lui e con Tiziana Betta, segretaria del circolo locale del Pd, dove è stata formalizzata la proposta. Ho accettato ed eccomi qua. Fino a un mese prima delle elezioni per la verità non avrei mai pensato di candidarmi, ci ho riflettuto insieme alla mia famiglia e abbiamo deciso di intraprendere questo percorso». E la campagna elettorale? Come l'ha vissuta? «E stata davvero una bella esperienza: ho conosciuto tante persone ed è stato un grande motivo di crescita per me, mi sono data molto da fare. Il risultato è stato davvero sorprendente». Un bilancio di questi primi mesi in giunta. Cosa ne pensa della scelta delle deleghe? «Indubbiamente sono felicissima sia di essere stata scelta dal sindaco sia delle deleghe: lo sport e il turismo, nonché la comunicazione, sono davvero il mio mondo. Devo dire poi che la giunta è davvero affiata, c'è molto dialogo e collaborazione tra di noi. Quando non siamo d'accordo non abbiamo problemi a dirlo apertamente, il confronto è d'obbligo. Ma c'è perfetta sintonia». Arco capitale dell'arrampicata e dello sport outdoor. Quali prospettive per il futuro della città? È quella la strada? «Secondo me Arco ha delle caratteristiche sia ambientali e cliamtiche eccezionali, davvero uniche. Il mix delle due cose, più una politica lungimirante degli investimenti in questo campo dei precedenti amministratori, ha portato veramente Arco a essere città regina dello sport outdoor, una metà turistica sia degli sportivi di alto livello che, soprattutto, delle persone che vengono qui per trascorrere una vacanza all'insegna dello sport. Penso veramente siano pochi gli ambienti in cui si possa spaziare, in un ambiente così ristretto, dalla vela, al surf, dal trekking, alle camminate, alla bici, free climbing. .. le possibilità sono innumerevoli e le ricadute economiche sono enormi, dovremmo andare sempre di più in questa direzione». Oltre all'arrampicata sportiva quali altre discipline possono essere ulteriormente valorizzate? «Pochi giorni fa, ad esempio, si è svolta la Castle Mountain Running, organizzata dalla Garda Sport Eventi, importante manifestazione che porta in città la corsa in montagna, per renderla più spettacolare e visibile. Il nostro obiettivo è portare qui l'europeo del 2016: tra qualche mese sapremo qualcosa in più in merito, per ora la nostra candidatura c'è ed è autorevole, abbiamo buone possibilità. Sarebbe una vetrina eccezionale per il nostro territorio. Altro fronte su cui occorre lavorare è quello dei percorsi di mountain bike». Si parla da anni di piscina sovraccomunale. Un'opera necessaria? «Data anche la mia \"formazione sportiva\" è ovviamente un argomento che mi sta molto a cuore. E un dato di fatto che la piscina di Riva per un bacino d'utenza così ampio è assolutamente inadeguata e inappropriata, è troppo piccola e non ci sono spazi acqua. C'è la squadra di nuoto, c'è la famiglia, gli anziani... Il nuoto è un servizio alla comunità e al momento a mio parere non riusciamo a far fronte a quella che è la richiesta della popolazione. C'è un sacco di gente che non riesce nemmeno a entrare perché tante volte le corsie sono strapiene e inaccessibili. In una zona come la nostra che promuove lo sport a trecentosessanta gradi è paradossale questa situazione». Quindi è tra le vostre priorità? «Sì, E chiaro che il sogno è la piscina \"sovraccomunale\", anche se so che non è facile. La giusta collocazione potrebbe essere tuttavia a Linfano, nel campo di proprietà dell'Arrisa, magari pensando anche a un investitore privato e a un vero e pròprio parco acquatico. Ipotesi da valutare, ci stiamo ragionando». Ritiri delle grandi squadre di calcio. Strada da perseguire anche per il futuro? «Sicuramente il Bayern ha portato delle ricadute sul nostro territorio davvero importanti, è stato un elemento davvero molto positivo a livello di promozione. Non escludo tuttavia anche altri progetti di questo tipo, come ad esempio un \"guru\" dell'arrampicata, per portare nuova linfa. Poi è chiaro che il calcio ha sempre un grande appeal». "
"1422861"|"2014-07-19"|"I ALTO GARDA "|"Prestano servizio all'infuori del normale orario la farmacia Redi di Arco (tel. 0464.516214) e la farmacia Foletto di Pieve di Ledro (tel. 0464.591038). "
"1424831"|"2014-07-20"|"«Docente lesbica? Tante falsità» "|""
"1424852"|"2014-07-20"|"Le farmacie di turno "|"Prestano servizio all'infuori del normale orario la farmacia Redi di Arco (tel. 0464.516214) e la farmacia Foletto di Pieve di Ledro (tel. 0464.591038). "
"1437679"|"2014-07-26"|"LE FARMACIE NELL'ALTO GARDA "|" - Prestano servizio al di fuori del normale orario di apertura la farmaciaVenezian di Arco (tel. 0464.519080) e la farmacia Ropelato di Sarche (tel. 0461.563141). "
"1454898"|"2014-08-02"|"LE FARMACIE NELL'ALTO GARDA "|" - A disposizione, al di fuori dei normali orari di apertura, la farmacia Comunale di Arco, a Bolognano (tel. 0464.514588) e la Ropelato di Calavino (tel. 0461.563141). "
"1456957"|"2014-08-03"|"La consulta dei migranti per la comunità di valle "|"L'appuntamento è per il 17 agosto sulle \"sponde\" del Sarca, al bar \"Per Matteo\" alla Moietta. Si parlerà di migrazioni e accoglienza sul filo conduttore della \"Carta di Lampedusa\", il patto nato dalle tragedie dei migranti. Un «no» secco contro l'indifferenza quello lanciato da «Arco bene Comune» con il progetto \"Sponde\" che si prefigge l'ambizioso scopo di affrontare una volta per tutte il delicato tema della relazione tra diversità etniche, culturali, di genere. Ma è anche una nuova partenza dopo la scissione che ha portato l'ex assessore comunale Floriani e un gruppetto di oramai ex esponenti di «Abc» a decidere di presentare a breve un nuovo progetto politico. «Noi partiamo con il progetto originale di \"Abc\", con gli stessi supporti politici e partitici che c'erano prima - afferma Tommaso Ulivieri - ciò che è cambiato è soltanto il fatto che alcune persone se ne sono andate ma noi continuiamo sui nostri punti fermi, come il percorso di adesione all'associazione dei comuni virtuosi che conformerebbe un indirizzo unico alla città in tema di raccolta rifiuti e cura del verde, e come gli aspetti etici e sociali legati alla comunità, la distribuzione ad esempio del bilancio in base alle ricadute sul genere femminile». Contro il silenzio assordante che riguarda certi temi d'attua-lità, ciò che sta succedendo a Gaza ad esempio, «Abc» va controcorrente e lancia l'idea di una consulta di migranti, da farsi in un'ottica di comunità di valle. «Abc è più di un partito, è un'associazione vera e propria, e come laboratorio di idee lanciamo \"Sponde\" che nasce dalla collaborazione tra \"Abc\", il \"Cso Bruno\" e l'associazione \"Lo stesso Cielo\" e che punta a diventare uno spazio fisico e temporale di elaborazione di tutte le tematiche che riguardano le relazioni tra diversità». Diversità tra esseri umani ma non solo. Altro tema caro ad «Abc» è quello animalista (già note la mozione di Ulivieri contro i circhi con animali e la delibera di Renza Bollettin contro la vivisezione) per il quale Ulivieri si dice pronto a tutto, anche ad arrivare a serie frizioni interne con questa maggioranza: «Stiamo già dibattendo sul discorso della falconeria sul castello, riconosco l'onestà intellettuale di Roberto Zampiccoli che sta proponendo questa cosa ma è un tema delicato, anche se non si tratta di maltrattamenti espliciti come quelli dei circhi siamo tendenzialmente contrari, tutto dipenderà da come sarà la proposta». Presente all'incontro naturalmente anche l'assessore Silvia Girelli che non parteciperà alla presentazione del nuovo soggetto politico di Floriani ma sarà disponibile a confronti: «Sono esponente e quindi rappresentante di Abc perché così è stato dall'inizio, sicuramente il gruppo futuro avrà le mie attenzioni». "
"1456958"|"2014-08-03"|"LE FARMACIE NELL'ALTO GARDA "|" - Prestano servizio al di fuori del normale orario d'apertura la farmacia Comunale di Bolognano d'Arco (tel. 0464.514588) e la farmacia Folgaresi di Cavedine (tel. 0461.569120). "
"1479088"|"2014-08-10"|"A San Rossore 250 scout trentini "|"Zaino in spalla e scarponi ai piedi. Sono oltre 250 i giovani Scout dell'Agesci (Associazione Guide e Scout Cattolici Italiani), dai 16 ai 21 anni, che dal Trentino hanno partecipato in questi giorni alla «Route nazionale», la «strada» che i rover e le scolte dell'associazione hanno percorso a piedi assieme ad altri 30 mila giovani provenienti da quasi 1.500 gruppi delle 20 regioni italiane e con altri 200 giovani arrivati invece da Paesi europei, arabi e africani. A metà settimana è terminata la prima tappa dell'iniziativa durante la quale sono stati creati 456 campi mobili che hanno attraversato tutte le regioni d'Italia. Un percorso con incontri e tratti di strada assieme in montagna, nelle città e nei villaggi per conoscere da vicino le storie di coraggio che emergono dai diversi territori del nostro Paese. La seconda tappa della «Route nazionale» è iniziata giovedì e si concluderà oggi. Quattro giorni con un grandissimo campo fisso, nel parco regionale di San Rossore, dove ha preso vita la «città delle tende» e dove i giovani hanno potuto prendere parte a tavole rotonde, incontri e numerosi lavoratori. «Da tutta la regione - ha spiegato Enrico Chemello, uno dei responsabili per il Trentino Alto Adige dell'iniziativa - hanno partecipato circa 350 scout e di questi 250 arrivano dalla provincia di Trento con gruppi da Lavis, Gardolo, Trento, Mori, Rovereto, Ala, Arco, Riva Vlasugana e dalla Val di Fassa. Nella prima parte di questa Route nazionale i nostri scout sono partiti e hanno toccato diverse regioni italiane, fino ad arrivare in Abruzzo. Sono stati ospitati dai gruppi presenti sul posto». In Trentino Alto Adige sono stati accolti, a loro volta, 6 campi mobili che hanno dato il benvenuto a 12 gruppi provenienti da Abruzzo, Campania, Emilia Romagna, Lazio, Piemonte, Puglia, Sardegna, Sicilia e Veneto. Un incontro che ha visto i rover e le scolte trentini accompagnare chi è arrivato dalle altre regioni sui sentieri delle montagne trentine e altoatesine. A fare da sfondo, c'è il tema della pace e l'anniversario del primo conflitto mondiale con al scelta di percorrere i luoghi che sono stati teatro della Grande Guerra. Di fondamentale importanza è anche lo slogan nazionale che si è scelto per l'iniziativa: «Strade di coraggio... diritti al futuro!». L'Agesci scommette sul tema del coraggio, perché vuole che i giovani si rendano conto che è il momento di diventare i protagonisti del cambiamento. Ed è proprio attraverso confronti e riflessioni su questo tema, assieme a quello della pace, che al termine del percorso di questa Route 2014, verrà scritta la Carta del coraggio, documento che sintetizzerà l'impegno dei ragazzi di mettersi concretamente a servizio del nostro Paese per cambiarlo e migliorandolo. «L'obiettivo - ha spiegato Chemello - è quello di guardare il futuro e soprattutto di dare speranza verso il futuro in un momento in cui si fatica a guardare avanti e dove i ragazzi che hanno dai 16 ai 21 anni iniziano a scontrarsi con le difficoltà e problemi della vita». In questi giorni al campo fisso di San Rossore a Pisa, i giovani scout hanno potuto confrontarsi e soprattutto partecipare a diversi laboratori ed immedesimarsi nella produzione del sapone naturale o in altre «buone pratiche» nel rispetto della natura. Numerose anche le tavole rotonde che hanno visto la partecipazine di personalità di spicco del nostro Paese dal presidente del Senato, Pietro Grasso, il ministro dell'Istruzione Maria Chiara Carrozza, don Luigi Ciotti e molti altri fino ad arrivare al presidente della Camera Laura Boldrini. Non sono mancati anche i momenti di musica e divertimento. A non far mancare la propria voce è stato anche il consigliere provinciale Mattia Civico che proprio ieri sera si è esibito sul palco per il concerto di chiusura di «Route 2014». G.Fin "
"1493949"|"2014-08-15"|"ALTO GARDA E LEDRO FARMACIE DI TURNO "|" - Sono di turno, fuori orario, la farmacia comunale di Riva (0464 550509) e quella di Vezzano (0461 864032). In appoggio, in orario normale, la farmacia Redi di Arco (0464 516214). "
"1516871"|"2014-08-26"|"Parisi, uomo della cooperazione"|""
"15229210"|"2019-03-23"|"Ambasciatore Usa in visita ad Arco incontra Bonazzi"|"ARCO - Lewis Michael Eisenberg, ambasciatore degli Stati Uniti in Italia, e Elisabeth Lee Martinez, console generale Usa a Milano, hanno visitato il quartier generale del gruppo Aquafil ad Arco e incontrato il presidente Giulio Bonazzi. Aquafil ha due fabbriche in Usa."
"15283192"|"2019-03-27"|"MECCATRONICA E 10 AZIENDE A PARMA"|"TRENTO - Sono 10 le aziende trentine che partecipano a Mecspe, presso Fiere di Parma, da domani a sabato.Tra esse, Polo Meccatronica, Pama di Rovereto, Domo Engineerig di Arco."
"1542792"|"2014-09-05"|"FARMACIE DI TURNO NELL'ALTO GARDA E LEDRO "|" - Nell'Alto Garda e Ledro sono di turno fuori orario le farmacie Bettinazzi di Arco (0464 516171) e Chinaglia diTorbole (0464 505440). "
"1546216"|"2014-09-06"|"FARMACIE DI TURNO NELL'ALTO GARDA "|" - Nell'Alto Garda e Ledro sono di turno fuori orario le farmacie Bettinazzi di Arco (0464 516171) e Chinaglia diTorbole (0464 505440). Di turno in appoggio oggi e domani anche la farmacia di Varane (0464 551195). "
"1549354"|"2014-09-08"|" - ALTO GARDA "|"Farmacie di turno Nell'Alto Garda e Ledro sono di turno fuori orario le farmacie Bettinazzi di Arco (0464 516171) e Chinaglia diTorbole (0464 505440). "
"1553061"|"2014-09-09"|"I ALTO GARDA "|"Farmacie di turno Nell'Alto Garda e Ledro sono di turno fuori orario le farmacie Bettinazzi di Arco (0464 516171) e Chinaglia diTorbole (0464 505440). "
"1569224"|"2014-09-14"|"IN BREVE "|"I ALTO GARDA LEDRO Le farmacie di turno Prestano servizio la farmacia Redi di Arco (0464-516214) e la farmacia Foletto di Pieve di Ledro (0464.591038). Oggi in appoggio la farmacia Comunale di Riva (Rione Degasperi, 0464.550509). "
"1573615"|"2014-09-16"|"ALTO GARDA E LEDRO"|"A disposizione fuori orario le farmacie Redi di Arco (tel. 0464-516214) e Foletto di Pieve (tel. 0464-591038). "
"1610223"|"2014-09-28"|"I ALTO GARDA "|"Le farmacie di turno Prestano servizio al di fuori del normale orario di apertura la farmacia Comunale di Arco (a Bolognano, 0464.514588) e la Folgaresi di Cavedine (0461.569120). Oggi in appoggio la farmacia Mutalipassi di Riva (0464.552508). "
"16214294"|"2019-06-06"|"ECONOMIA SOLIDALE IN PIAZZA S. MARIA"|"? Torna per tutta la mattinata di oggi e fino alle 13 il mercato dell'economia solidale in piazza Santa Maria Maggiore. A disposizione prodotti biologici certificati, vestiario biologico, oggetti della cooperazione sociale e prodotti ecologici per la casa e la persona. Organizza l'Associazionefrentino Arcobaleno"
"1629481"|"2014-10-05"|"ALTO GARDA LEDRO Le farmacie di turno "|"Prestano servizio la farmacia di Varane di Riva (0464.551195) e la farmacia comunale di Pietramurata (0464.547044). In appoggio oggi la farmacia Bettinazzi di Arco (0464.516171). "
"1634253"|"2014-10-07"|"Mountain bike e ortaggi biologici "|"RONZO-CHIENIS - Sabato 170 mountain bike si sono arrampicate sui 21 km di sentieri tra Ronzo, Creino e maso Naranch per la quinta edizione della Biobike, la pedalata ecologica con i prodotti della valle degli orti, organizzata dall'Arcobaleno carraro team in collaborazione con il Comune e Mad East Challenge. "
"1669030"|"2014-10-18"|"I ALTO GARDA E LEDRO "|"Le farmacie di turno Prestano servizio la farmacia Accorsi di Riva (0464.552302) e la farmacia comunale diTenno (0464.503042). Oggi e domani in appoggio la farmacia Venezian di Arco (0464.519080). "
"1672151"|"2014-10-19"|"I ALTO GARDA E LEDRO "|"Le farmacie di turno Prestano servizio la farmacia Accorsi di Riva (0464.552302) e la farmacia comunale di Tenno (0464.503042). Oggi in appoggio la farmacia Venezian di Arco (0464.519080). "
"1769961"|"2014-11-02"|"Le farmacie di turno "|"Prestano servizio al di fuori del normale orario di apertura la farmacia Bettinazzi di Arco (0464516171) e la farmacia Chinaglia diTorbole (0464505440). In appoggio oggi la farmacia diVarone di Riva (0464-5511950464-551195). "
"1769964"|"2014-11-02"|"Le farmacie di turno "|"Prestano servizio al di fuori del normale orario di apertura la farmacia Bettinazzi di Arco (0464516171) e la farmacia Chinaglia diTorbole (0464505440). In appoggio oggi la farmacia diVarone di Riva (0464-5511950464-551195). "
"1932547"|"2014-11-08"|"I garda e ledro Farmacie di turno "|"Oggi e nel fine settimana sono aperte le farmacie Arco-Redi (0464516214) e Pieve di Ledro (0464591038). In appoggio Riva Comunale (0464550509). "
"2061936"|"2014-12-14"|"IN BREVE "|"FARMACIE IN SERVIZIO NELL'ALTO GARDA  - Sono di turno fuori orario oggi le farmacie Mutalipassi di Riva (viale Lutti, tel. 0464-5525080464-552508) e Nardelli di Dro (tel. 0464-5042050464-504205). In appoggio oggi anche la farmacia comunale di Arco, a Bolognano (tel. 0464514588). "
"2079135"|"2014-12-20"|"PENSIONATI E GASTRONOMIA "|" - Festa con i pensionati. Il circolo di Arco propone un momento di incontro: musica e gastronomia. Apertura alle 14.30: risotto alla salsiccia, musica anni sessanta e settanta. Alle 16 risotto. Bevande, pane e tara. "
"2108647"|"2015-01-07"|"Farmacie di turno "|"A disposizione al di fuori dei normali orari di apertura la farmaciaVenezian di Arco (tel.0464-519080) e la farmacia Ropelato di Sarche (tel. 0461-563141). "
"2111901"|"2015-01-08"|"FARMACIE IN SERVIZIO NELL'ALTO GARDA "|" - A disposizione al di fuori dei normali orari di apertura la farmaciaVenezian di Arco (tel. 0464-519080) e la farmacia Ropelato di Sarche (tel. 0461-563141). "
"2116535"|"2015-01-10"|"Farmacie di turno "|"Sono in servizio la farmacia comunale di Bolognano d'Arco (0464 514588) e la farmacia di Cavedine, in Valle dei Laghi (0461 569120). In appoggio in orario normale la farmacia Mutalipassi di Riva del Garda (0464 552508). "
"2122207"|"2015-01-13"|"I ALTO GARDA "|"Le farmacie di turno Prestano servizio fuori orario la farmacia comunale di Bolognano d'Arco (0464514588) e la farmacia di Cavedine (0461-569120). "
"2168874"|"2015-01-31"|"IN BREVE "|"ALTO GARDA E LEDRO FARMACIE DI TURNO  - Nell'Alto Garda e Ledro sono di turno le farmacie Accorsi di Riva (0464 552302) e la comunale di Tenno (0464 503042). In appoggio in orario normale la farmaciaVenezian di Arco (0464 519080). "
"2183650"|"2015-02-06"|"SERATA ALLA SAT PER IL TREKKING "|" - La Sat di Arco invita soci e simpatizzanti oggi alle 20 presso la sede di via S. Anna per una serata informativa su un trekking in Cappadocia eTunisia. "
"2192423"|"2015-02-10"|"In municipio "|"I consiglieri comunali arcensi, di maggioranza e di opposizione, hanno volentieri risposto alla convocazione del sindaco di Arco Alessandro Betta per firmare tutti insieme la mozione congiunta con la quale l'amministrazione comunale di Arco intende opporsi fermamente all'annunciata chiusura dell'ufficio di Poste Italiane a Bolognano. L'unico che serve l'Oltresarca (e anche molti utenti di Nago). In tutto 6 mila persone che dovrebbero spostarsi ad Arco centro. Nella foto sindaco e vicesindaco con l'onorevole Mauro Ottobre e il senatore Vittorio Fravezzi ieri sera in municipio (foto Stefano Salvi) "
"2203816"|"2015-02-14"|"ALTO GARDA Farmacie di turno "|"Nell'Alto Garde e Ledro sono di turno fuori orario le farmacie Bettinazzi di Arco (0464 516171) e Chinaglia diTorbole sul Garda (0464 505440). Oggi e domani in appoggio anche la farmarcia diVarone (tel. 0464-551195). "
"2239026"|"2015-02-27"|"ALTO GARDA E LEDRO LE FARMACIE DI TURNO "|" - Da oggi prestano servizio al di fuori del normale orario di apertura la farmaciaVenezian di Arco (0464.519080) e la farmacia Ropelato alle Sarche (0461.563141). Domani e domenica in appoggio la farmacia Accorsi di Piazza delle Erbe a Riva (0464.552302). "
"2246887"|"2015-02-28"|"ALTO GARDA E LEDRO FARMACIE DI TURNO "|" - Prestano servizio al di fuori del normale orario di apertura la farmaciaVenezian di Arco (0464 519080) e la farmacia Ropelato delle Sarche (0461 563141). Oggi e domani, in orario diurno, in appoggio la farmacia Accorsi di piazza delle Erbe a Riva (0464 552302). "
"2251416"|"2015-03-04"|"I ALTO GARDA LEDRO "|"Le farmacie di turno A disposizione fuori orario di servizio le farmacieVenezian di Arco (tel. 0464-519080) e Ropelato di Sarche (tel. 0461-563141). "
"2255011"|"2015-03-05"|"FARMACIE A DISPOSIZIONE FUORI ORARIO "|" - A disposizione al di fuori dei normali orari di servizio le farmacie Venezian di Arco (tel. 0464-519080) e Ropelato di Sarche (tel. 0461-563141). "
"2260346"|"2015-03-07"|"Le farmacie di turno "|"Prestano servizio al di fuori del normale orario di servizio la farmacia comunale di Bolognano d'Arco (0464 514588) e la farmacia Folgaresi di Cavedine (0461 569120). In appoggio oggi e domani la farmacia Mutalipassi di Riva (0464 552508). "
"2263259"|"2015-03-08"|"I ALTO GARDA LEDRO "|"Le farmacie di turno fuori orario in Busa Prestano servizio al di fuori del normale orario di servizio la farmacia comunale di Bolognano d'Arco (0464 514588) e la farmacia Folgaresi di Cavedine (0461-569120). In appoggio oggi la farmacia Mutalipassi di Riva (0464-552508). "
"2263305"|"2015-03-08"|"Partite e arbitri "|"Partite e arbitri della 4a giornata del campionato di Promozione: AnauneVal di Non-Baone Romarzollo (Trapin di Bolzano); ArcoBenacense Riva (Tabarelli di Trento); Bassa AnauniaBorgo (Gomesdib ArcoRiva); Condinese-Rotaliana (Koflerdi Bolzano); Pinzolo Camp.-Fiemme (De Leo di Molfetta); RAIbianoCastelsangiorgio (Braghini di Bolzano); RavinenseVirtus Trento (Piccoli di Rovereto);Trento-ViPo (Fabello diTrento). La classifica: Rotaliana 41, Trento 37, AnauneVal di Non 37, Porfido Al biano 35, Arco 27, Bassa Anaunia 24, Castelsangiorgio 24, Benacense 24, (londinese 23, Pinzolo Campiglio* 20, ViPo Trento 20, Ravinense 19, Borgo 16, Fiemme 16, Baone 15,VirtusTrento 14. *Pinzolo C. meno 1. "
"2264300"|"2015-03-09"|"FARMACIE IN SERVIZIO NELL'ALTO GARDA "|" - Prestano servizio al di fuori del normale orario di servizio la farmacia comunale di Bolognano d'Arco (0464 514588) e la farmacia Folgaresi di Cavedine (0461569120). "
"2276122"|"2015-03-13"|"ALTO GARDA E LEDRO Le farmacie di turno "|"Da oggi prestano servizio al di fuori del normale orario di apertura la farmacia diVarone di Riva (0464.551195) e la farmacia Comunale di Pietramurata (0464.547044). Domani e domenica in appoggio la farmacia Bettinazzi di Arco (0464.516171). "
"2296098"|"2015-03-21"|"Le farmacie di turno "|"Prestano servizio oggi e domani la farmacia comunale di Riva al Rione Degasperi (0464 550509) e la farmaciaTurazza divezzano (0461 864032). In appoggio oggi e domani in orario normale la farmacia Redi di Arco (0464 516214). "
"2346460"|"2015-04-11"|"FARMACIE DI TURNO NELL'ALTO GARDA "|" - A disposizione fuori orario le farmacie Bettinazzi di Arco (tel. 0464-516171) e Chinaglia diTorbole (0464505440). In appoggio oggi e domaniVarone (tel. 0464551195). "
"2383342"|"2015-04-25"|"I ALTO GARDA Farmacie in servizio "|"A disposizione fuori orario le farmacieVenezian di Arco (0464-519080) e Ropelato a Sarche (0461-563141). Oggi in appoggio l'Accorsi a Riva (0464-552302). "
"2395742"|"2015-04-30"|"Trasporto pubblico, 21 milioni "|"Confermati per il 2015 i 21,484 milioni di euro per il trasporto pubblico locale destinati dalla Provincia ai Comuni, come previsto dal protocollo di finanza locale siglato nel corso dell'anno. Ora la giunta provinciale ha definito le assegnazioni per i diversi ambiti di trasporto pubblico. Trento si vede destinare oltre 15,8 milioni di euro, di cui 15,379 milioni assegnati per le linee di trasporto pubblico su gomma e 434.000 euro circa per la funivia di Sardagna. A Rovereto vengono assegnati 3,7 milioni di euro, a Lavis in totale 459.000 euro e a Arco 967.000 euro. Per quanto riguarda Pergine le risorse definitive assegnate sono pari a 394.000 euro, per la funivia di Mezzocorona e infine 86.000 euro circa per il trasporto dell'ambito di Albiano. In totale la copertura del costo dei Comuni per il trasporto pubblico va da un minimo dell'80/6 a carico della Provincia fino a quasi il 100% nei casi che necessitano di maggiore sostegno provinciale. "
"2415762"|"2015-05-08"|"FARMACIE IN SERVIZIO NELL'ALTO GARDA "|" - A disposizione fuori orario le farmacie diVarone (tel. 0464-551195) e di Pietramurata (tel. 0464547044). Domani e domenica in appoggio anche la Bettinazzi di Arco (tel. 0464-516171). "
"2419115"|"2015-05-09"|"Le farmacie di turno "|"Prestano servizio la farmacia diVarone (0464.551195) e la Comunale di Pietramurata (0464.547044). In appoggio oggi e domani la farmacia Bettinazzi di Arco (0464.516171). "
"2455814"|"2015-05-23"|"Farmacie di turno "|"A disposizione al di fuori dei normali orari di apertura sono oggi le farmacie Accorsi di Riva (piazza delle Erbe, tel. 0464552302) e la Comunale di Tenno (via Roma, tel. 0464503042). In appoggio oggi e domani laVenezian di Arco (tel. 0464-519080). "
"2489128"|"2015-06-06"|"ALTOGARDA E LEDRO FARMACIE DI TURNO "|" - Sono di turno le farrmacie Bettinazzi di Arco (0464 516171) e Chinaglia diTorbole (0464 505440). IN orario normale in appoggio la farmacia diVarone (0464 551195) "
"2517442"|"2015-06-18"|"ALTO GARDA LEDRO Le farmacie di turno "|"Prestano oggi servizio nell'Alto Garda e Ledro, al di fuori del nomale orario di apertura, la farmacia Redi di Arco (0464-516214) e la farmacia Foletto di Pieve di Ledro (0464-591038). "
"2527500"|"2015-06-21"|"Le farmacie di turno "|"Sono di turno le farmacie Venezian di Arco (0464 519080) e Ropelato di Sarche (0461 563141). In appoggio oggi anche la farmacia Accorsi di Riva (tel. 0464-552302). "
"2673434"|"2015-07-11"|"FARMACIE IN SERVIZIO NELL'ALTO GARDA "|" - A disposizione al di fuori dei normali orari di apertura la farmacia Comunale di Riva al Rione Degasperi (tel. 0464550509) e divezzano (tel. 0461-864032). In appoggio oggi e domani la farmacia Redi di Arco (tel. 0464-516214). "
"2678114"|"2015-07-12"|"LE FARMACIE NELL'ALTO GARDA "|" - A disposizione al di fuori dei normali orari di apertura la farmacia Comunale di Riva al ione Degasperi (tel. 0464-550509) e divezzano (tel. 0461-864032). In appoggio oggi anche la farmacia Redi di Arco (tel. 0464-516214). "
"273473"|"2013-02-07"|"SAT ARCO SABATO IN ASSEMBLEA "|" - Sabato 9 febbraio,alle 15.30 presso la sede di via S.Anna, assemblea derlla sezione Sat di Arco, sezionale. Oltre alla relazione del Presidente e a quella finanziaria, verranno presentate le relazioni dei gruppi sezionali: Scuola di Alpinismo e Scialpinismo, Speleologico, Coro Castel, Alpinismo Giovanile, Scarponcini, Podistico, Oltre levette, Storico. Alle 20, all'Hotel Olivo di Arco cena sociale. Per prenotazioni ed info Negozio Art Rock,Via Vergolano 43 Arco, tei 0464472443. "
"2794684"|"2015-08-01"|"FARMACIE DI TURNO NELL'ALTO GARDA "|" - Sono di turno le farmacie Bettinazzi di Arco (0464 516171) e Chinaglia di Torbole (0464 505440). In appoggio in orario normale la farmacia delVarone di Riva (0464 551195). "
"2890984"|"2015-08-21"|"LE FARMACIE DI TURNO NELL'ALTO GARDA "|" - Prestano servizio al di fuori del normale orario d'apertura la farmacia Comunale di Bolognano d'Arco (tel. 0464.514588) e la farmacia Folgaresi di Cavedine (tel. 0461.569120). "
"298198"|"2013-03-08"|"IL MAESTRO RUZZA E FRANZ LISZT "|" - L'associazione'Amici della Musica\"propone domani alle 17.30, presso l'Auditorium del Conservatorio, il Recital pianistico del maestro Corrado Ruzza.Verranno eseguiti brani di Franz Liszt, che il compositore ungherese compose fra il 1836 e il 1839. Ingresso gratuito per soci e allievi del Conservatorio e delle Scuole Musicali civiche di Riva e Arco. "
"3436511"|"2015-11-21"|"Offrivano la pay tv a prezzi stracciati "|""
"386237"|"2013-06-07"|"Giornalista di razza capace di visione "|"E infatti la grande lezione che ha donato a chi lavorava con lui, che ha cercato di trasmettere a collaboratori e colleghi, è stata che il giornalismo non deve esser visto solo come professione, ma soprattutto come espressione. Occorre avere visioni, progetti, un'idea della propria terra, amore per la sua storia e la gente che la vive, e allora i giornali, i mezzi di informazione, diventano gli strumenti più affascinanti e necessari per allargare la partecipazione, informare sui fatti ma anche sulle cose possibili, capire, venire a contatto con altri mondi. Questa era, negli anni Sessanta e Settanta, la lezione di Luigino Mattei, questo è anche oggi, fare un «giornale». Il nome di Luigino Mattei è legato ad uno dei due quotidiani storici del Trentino, 1' «Alto Adige», che egli guidò, nella sua redazione trentina, per un decennio, dalla metà degli anni Sessanta alla metà degli anni Settanta, negli anni più difficili, ma anche più costruttivi dell'autonomia. La storia di Luigino Mattei viene però da lontano e poggia, per così dire, su due pilastri: da un lato un profondo radicamento familiare nella «vecchia Trento» della cultura, del volontariato, dell'associazionismo cattolico; dall'altro un'energia personale inimitabile, unita all'urgenza di dare, fare, comunicare, esplorare nuove frontiere. Chi lavorava con lui si trovava quindi di fronte a una doppia realtà, che a volte poteva apparire una doppia personalità: da una parte Mattei, anche per collegamenti cittadini, conosceva i retroscena di tutto, prevedeva come si sarebbero comportate le persone e anticipava l'evoluzione dei fatti, perché «sapeva» il vero obiettivo che ogni attore del gioco politico o mediatico si proponeva; dall'altra parte stimolava a non essere mai certi di nulla, provocava ad andare oltre, si rimetteva lui stesso in gioco. Lavorare con lui. Si chiedevano spesso, i suoi collaboratori e cronisti, se davvero trovasse qualche ora per dormire la notte, se andasse a casa, di tanto in tanto, o stesse sempre in redazione dove lo si vedeva di primissimo mattino e alle ore più tarde. Ci si chiedeva anche quale sarebbe stato il prossimo ciclo della sua vita, perché a Mattei, giornalista di razza con i giganti della sua generazione - Piero Agostini, Aldo Gorfer, Vittorio Cristelli - il giornale a volte andava stretto, e programmava altre iniziative, altri progetti. Egli stesso teorizzava, nei colloqui in redazione, di essere un uomo che andava a stagioni: una dentro il giornale, una fuori per «reimparare», per tornare... proprio perché il giornalismo non è riflettere le notizie altrui, ma esprimere, creativamente, ciò che si agita nel mondo. Lavorare con lui (sia detto fra parentesi da chi ha avuto la fortuna di essere stato chiamato al giornale proprio da lui) era un privilegio. Per la dirittura personale e l'onesta intellettuale dell'uomo. Per la sua capacità di insegnare senza darlo a vedere. Era sempre rispettosissimo e non cambiava un aggettivo senza un colloquio con l'interessato, ma faceva riscrivere i pezzi che gli sembravano scialbi e cambiare gli attacchi quando era necessario. Prima però progettava insieme al cronista - ed era l'aspetto più bello del lavorare con lui - ciò che si sarebbe scritto, gli articoli e i servizi sulla città, sulle valli, sul piano urbanistico o sulla lotta fra i partiti. Voleva poi che si andasse sempre sul posto, a vedere, ma più ancora ad esserci. I telefoni c'erano anche allora, ma sapeva che le «informazioni» anche dettagliate, non bastano: occorre «vedere» un avvenimento (una felicità, una tragedia) non basta «saperne», perché solo chi soffre ciò che vede acquista la dignità per descriverlo. Era intenso, anche doloroso, mai cinico il giornalismo di Luigino Mattei. Ai congressi di partito, che erano noiosi anche allora, voleva che il cronista stesse lì fino alla fine, perché dalla presenza nasceva sempre uno spunto, un particolare in più, un'occasione per l'indomani. Gli piaceva programmare, con i suoi cronisti, articoli e servizi. Li discuteva, suggeriva dove ricercare particolari. Non «assegnava» incarichi, ma coinvolgeva, dando fiducia anche ai più giovani e inesperti, discutendo l'approccio che avrebbero seguito. Dedicava molto tempo a «preparare il terreno». Lui che non guardava né a giorni di riposo né a domeniche era molto umano in redazione verso le esigenze familiari (o di studio, o di simpatia) dei più giovani. Se c'erano occasioni di aggiornamento invitava a seguirle, a costo di far lui il sostituto, per un paio di giorni, in redazione. Ma non transigeva sul fatto che ogni lavoro venisse completato da chi l'aveva iniziato. Non tollerava che una notizia venisse lasciata a metà o passata a un collega perché scadeva il turno... ma era ovvio che fosse così. Le sue stagioni. Luigino Mattei proveniva da una famiglia con un padre che era un «mito» cittadino, il «Maestro Mattei», educatore di generazioni di ragazzi, inserito in diffuse iniziative di volontariato, appassionato musicista e «pilastro» della banda civica. Luigino non parlava molto della sua famiglia, ma si capiva che vi era molto legato. Con il fratello Giuseppe, il grande sindacalista della Cisl e della Firn, aveva un rapporto che sembrava complementare: se ne differenziava, ma ne seguiva il percorso, attentissimo a non interferire o a non «usare» per lui il giornale. A volte, così, finiva per penalizzarlo. Una grande lezione. Alla moglie si dedicò con amore e abnegazione straordinari anche negli ultimi anni, verso i figli Giampiero avvocato e Maria Concetta, una delle grandi firme della Rai rispettoso e orgoglioso. Una voce per le minoranze. La prima «stagione» di Mattei fu bancaria, all'esattoria della Cassa di Risparmio, nella filiale di Cavalese, dove conobbe Claudio Betta, il futuro consigliere provinciale repubblicano, che faceva l'assicuratore. Ne nacque un'amicizia che avrebbe avuto anche risvolti politici. Ma il tranquillo impiego bancario non era congeniale a Luigino, e infatti lo lasciò per andare in Provincia (che allora era poca cosa) con Remo Albertini, democristiano «progressista» ed anche avventuroso, come lo stesso Beppino Mattei, o Lidia Menapace, che sarebbero poi stati emarginati con la «normalizzazione» degli anni Sessanta. In Provincia Mattei voleva «anticipare» una sorta di «ufficio stampa» (nulla a che spartire con quelli di oggi) che divenne più che altro un riferimento di incontri di politica culturale. Fu lì che iniziò il suo progetto di «Enciclopedia dinamica» del Trentino (dispense e inserti divulgativi, ma di alto livello, sulla storia, l'identità, Hofer, la questione altoatesina che si affacciava con durezza violenta). Sono quaderni che restano preziosi. Mattei pensava che le istituzioni non dovessero fare propaganda, ma promuovere la diffusione di una cultura semplice, di un'identità riconoscibile. L'avvento del ciclone Kessler (non per la «propaganda», ma forse perché i due uomini si conoscevano reciprocamente troppo bene) pose fine anche a quella stagione. E Mattei, che già aveva avviato l'innovativa pagina «Arcobaleno» per i ragazzi su «L'Adige», con Carlo Cimadom e Sandra Frizzerà, passò al giornalismo di prima linea, prendendo il posto di Piero Agostini (che era andato a Bolzano) all' «Alto Adige». Mattei si trovò in mano un giornale «di minoranza», che vendeva poche copie, ma con una tradizione antica (era stato fondato nel 1886 da Paolo Oss Mazzurana per rinnovare il Trentino) ed una forte connotazione laica e democratica, posto che nel 1945, dopo il fascismo, era risorto come organo del Cln, il Comitato di Liberazione Nazionale. Mattei interpretò a fondo lo spirito del giornale, lo liberò da una certa soggezione bolzanina, ne fece la voce di riferimento per tutte le minoranze democratiche che si ponevano in dialettica con la crescente vocazione egemone della De di Flaminio Piccoli. Con lui l'«Alto Adige» divenne il riferimento «delle» alternative nel Trentino, contribuendo a dare significato al confronto politico e civile. Resta questa visione il suo merito più grande, non solo di giornalista, ma di cittadino. Questa sua visione libera, laica nel senso migliore delle parola, priva di pregiudizi, unita alla buona pratica giornalistica di «andare a vedere», gli consentì di interpretare con straordinaria lucidità la stagione che si apriva, con il Dopoconcilio, l'arcivescovo Gottardi, il piano urbanistico di Kessler, i comprensori, Sociologia e i suoi conflitti, le bombe in Alto Adige e il Pacchetto, la crescita del sindacato, il divorzio. La sua lucidità nelle notizie e sui titoli appare, anche a riguardarla oggi, straordinaria. Ma derivava - diceva - solo dal far bene, senza pregiudizi, con accuratezza, andando a vedere, il mestiere di giornalista. C'era orgoglio in questa parola, in lui e in chi lavorava con lui. Mattei non esitò a schierare il giornale a favore dell'Università, di Sociologia, quando i «benpensanti» la contestavano, né esitò a difendere gli universitari dalla violenza di chi li dichiarava violenti. Denunciò le ipocrisie del Trentino più oscuro, che ancora, di tanto in tanto, riaffiorano, e al tempo stesso sostenne chi cercava di portare una voce nuova, anche se non la condivideva: come il Pptt di Enrico Pruner, di cui per primo capì l'importanza: non era più il partito «ruspante» dei contadini, stava diventando un'altra cosa. Editoria e montagna. Anche questa stagione si concluse. Nel 1975 Mattei divenne inviato speciale, da caposervizio che era (di fatto era un vicedirettore) e iniziò una fase nuova. I suoi articoli diventarono più incisivi, ma egli cercava nuovi spazi, ed avviò nuove iniziative. La prima fu quella (sempre in orario fuori servizio) di un «giornale a schede», che compilava di prima mattina, con alcuni collaboratori, come sintesi su un unico foglio di tutta la stampa locale, e che oggi si presenterebbe come un capolavoro di giornale «on line». L'impostazione anche grafica era perfetta, ma mancavano le tecnologie adeguate a diffonderlo. Mattei aveva però «visto» giusto, in anticipo sui tempi come spesso gli accadde. La seconda iniziativa editoriale, fu la casa editrice «Panorama» con l'intuizione, lui che in montagna non era mai andato (Mattei era un po' come Aldo Moro, sia al mare che in montagna vestiva sempre in giacca e cravatta) di fare di Achille Gadler, con le sue guidebest seller, il suo scrittore di punta. Terza iniziativa la rivista «Letture Trentine e Altoatesine» che costituisce un giacimento di storia divulgativa regionale, di rara completezza e prestigio. Per completare l'Annuario Trentino per orientarsi fra uffici, avvenimenti, realtà economiche. Luigino Mattei ha scritto e seguito la sua casa editrice fino a poche settimane prima di andarsene. Era ostinato, determinato, non per se stesso, ma perché voleva la sua terra, diventasse meno ignara di se stessa, meno volgare, più giusta. In Provincia, al giornale, da editore ha inseguito, in fondo, un unico progetto: comunicare le occasioni di bellezza e di responsabilità che vivere il Trentino comportano. "
